stationName,location
IquitosSttaion Station,IquitosStation
Bradford Station,Bradford
Aparecida de Goiânia Station,Aparecida de Goiânia
H? Long Station,H? Long
??ng Xoi Station,??ng Xoi
Lagos Station,Lagos
Zwolle Station,Zwolle
Allentown Station,Allentown
Hunan Station,Hunan
Rostov Station,Rostov
B?c Liêu Station,B?c Liêu
Tomsk Station,Tomsk
Jaboatão dos Guararapes Station,Jaboatão dos Guararapes
Grand-Halleux Station,Grand-Halleux
Nizhny Station,Nizhny
Calais Station,Calais
Hamburg Station,Hamburg
Bannu Station,Bannu
Gangneung Station,Gangneung
Gwangyang Station,Gwangyang
Waiheke Island Station,Waiheke Island
Dangjin Station,Dangjin
Stonewall Station,Stonewall
Goulburn Station,Goulburn
Mercedes Station,Mercedes
Lelystad Station,Lelystad
Sint-Agatha-Berchem Station,Sint-Agatha-Berchem
Kursk Station,Kursk
San Pedro de la Paz Station,San Pedro de la Paz
Arica Station,Arica
Yurimaguas Station,Yurimaguas
Kurram Agency Station,Kurram Agency
Chungju Station,Chungju
Saarlouis Station,Saarlouis
Qu?ng Ngãi Station,Qu?ng Ngãi
Tam K? Station,Tam K?
Jennersdorf Station,Jennersdorf
Abaetetuba Station,Abaetetuba
Dublin Station,Dublin
Dumai Station,Dumai
Hohenems Station,Hohenems
Whitehorse Station,Whitehorse
Miass Station,Miass
UnionUnion Station,Union
Pacasmayo Station,Pacasmayo
San Andrés Station,San Andrés
Waitakere Station,Waitakere
Colombo Station,Colombo
Huppaye Station,Huppaye
General Lagos Station,General Lagos
Arequipa Station,Arequipa
San Clemente Station,San Clemente
Logroño Station,Logroño
Balikpapan Station,Balikpapan
Gijón Station,Gijón
Guápiles Station,Guápiles
Pondicherry Station,Pondicherry
Fort William Station,Fort William
Xinjiang Station,Xinjiang
Tver Station,Tver
Versailles Station,Versailles
Kharmang Station,Kharmang
Barranco Minas Station,Barranco Minas
Murmansk Station,Murmansk
Huaraz Station,Huaraz
Punitaqui Station,Punitaqui
Nieuwegein Station,Nieuwegein
Liverpool Station,Liverpool
Fortaleza Station,Fortaleza
Camaragibe Station,Camaragibe
Burhaniye Station,Burhaniye
Moose Jaw Station,Moose Jaw
Fort Wayne Station,Fort Wayne
Burin Station,Burin
Campinas Station,Campinas
Ayd?n Station,Ayd?n
Colomiers Station,Colomiers
Tarnów Station,Tarnów
Santa Maria Station,Santa Maria
Khandwa Station,Khandwa
Kungälv Station,Kungälv
Alingsås Station,Alingsås
Rionegro Station,Rionegro
Aizwal Station,Aizwal
Salerno Station,Salerno
Pitlochry Station,Pitlochry
Sìn H? Station,Sìn H?
Canberra Station,Canberra
Tyumen Station,Tyumen
Orhangazi Station,Orhangazi
Oaxaca Station,Oaxaca
Pamplona Station,Pamplona
Anderlecht Station,Anderlecht
Banda Aceh Station,Banda Aceh
Siquirres Station,Siquirres
Sonipat Station,Sonipat
Drachten Station,Drachten
Sint-Joost-ten-Node Station,Sint-Joost-ten-Node
K?dzierzyn-Ko?le Station,K?dzierzyn-Ko?le
Kielce Station,Kielce
Brisbane Station,Brisbane
Oviedo Station,Oviedo
Kumluca Station,Kumluca
Palembang Station,Palembang
Kano Station,Kano
Igboho Station,Igboho
Peralillo Station,Peralillo
Houston Station,Houston
Valparaíso de Goiás Station,Valparaíso de Goiás
Shimla Station,Shimla
San Luis Río Colorado Station,San Luis Río Colorado
Tarakan Station,Tarakan
Limoges Station,Limoges
Novgorod Station,Novgorod
Dalbeattie Station,Dalbeattie
Hyderabad Station,Hyderabad
Glendale Station,Glendale
Guarapuava Station,Guarapuava
Madrid Station,Madrid
Gongju Station,Gongju
Iksan Station,Iksan
Brahmapur Station,Brahmapur
Mapiripana Station,Mapiripana
Chihuahua Station,Chihuahua
Limón (Puerto Limón] Station,Limón (Puerto Limón]
Pangnirtung Station,Pangnirtung
Huara Station,Huara
Sandviken Station,Sandviken
Jambi Station,Jambi
Silchar Station,Silchar
Uyo Station,Uyo
Queanbeyan Station,Queanbeyan
Altmünster Station,Altmünster
Tambov Station,Tambov
Palu Station,Palu
Pontevedra Station,Pontevedra
Hu? Station,Hu?
Lytkarino Station,Lytkarino
Pachuca Station,Pachuca
Maiduguri Station,Maiduguri
Balfour Station,Balfour
Perth Station,Perth
Thu?n Châu Station,Thu?n Châu
Diyarbak?r Station,Diyarbak?r
Chancay Station,Chancay
Coatzacoalcos Station,Coatzacoalcos
Pica Station,Pica
Pishin Valley Station,Pishin Valley
Söke Station,Söke
María Elena Station,María Elena
Agustín Codazzi Station,Agustín Codazzi
Sittard Station,Sittard
Scorrano Station,Scorrano
Mogi das Cruzes Station,Mogi das Cruzes
Smolensk Station,Smolensk
Geoje Station,Geoje
Celaya Station,Celaya
Sungai Penuh Station,Sungai Penuh
Kilmalcolm Station,Kilmalcolm
Delhi Station,Delhi
Bengkulu Station,Bengkulu
The Hague Station,The Hague
Nampa Station,Nampa
Guadalajara Station,Guadalajara
Whakatane Station,Whakatane
Newton Stewart Station,Newton Stewart
Bauchi Station,Bauchi
San Rafael Station,San Rafael
Rangiora Station,Rangiora
Banjarmasin Station,Banjarmasin
Fishguard Station,Fishguard
Hoyerswerda Station,Hoyerswerda
Yaroslavl Station,Yaroslavl
Liberia Station,Liberia
Kaneohe Station,Kaneohe
Da Lat Station,Da Lat
Camarones Station,Camarones
Le Petit-Quevilly Station,Le Petit-Quevilly
Istanbul Station,Istanbul
Wolfsburg Station,Wolfsburg
Brunn am Gebirge Station,Brunn am Gebirge
Maryborough Station,Maryborough
Juárez Station,Juárez
Kenosha Station,Kenosha
Jeju Station,Jeju
Worms Station,Worms
Amiens Station,Amiens
Ledeberg Station,Ledeberg
Moerbeke Station,Moerbeke
Prenzlau Station,Prenzlau
Ovalle Station,Ovalle
Ciudad Apodaca Station,Ciudad Apodaca
Angers Station,Angers
Villahermosa Station,Villahermosa
Shanxi Station,Shanxi
Hofors Station,Hofors
Wick Station,Wick
Chongqing Station,Chongqing
Thái Nguyên Station,Thái Nguyên
Täby Station,Täby
Bridgeport Station,Bridgeport
Bellevue Station,Bellevue
Jaén Station,Jaén
Palopo Station,Palopo
Zamora de Hidalgo Station,Zamora de Hidalgo
Gary Station,Gary
Anápolis Station,Anápolis
Gorbea Station,Gorbea
Guysborough Station,Guysborough
Helmond Station,Helmond
Chuncheon Station,Chuncheon
Ipís Station,Ipís
Bischofshofen Station,Bischofshofen
Mesoraca Station,Mesoraca
Cametá Station,Cametá
Ulyanovsk Station,Ulyanovsk
Yeosu Station,Yeosu
Karap?nar Station,Karap?nar
Melville Station,Melville
Inveraray Station,Inveraray
Aubervilliers Station,Aubervilliers
Galway Station,Galway
Harnai Station,Harnai
Hebei Station,Hebei
Huancayo Station,Huancayo
P?ock Station,P?ock
Lumaco Station,Lumaco
Mersin Station,Mersin
Kurgan Station,Kurgan
Cerreto di Spoleto Station,Cerreto di Spoleto
Nowshera Station,Nowshera
Kaluga Station,Kaluga
San Francisco Station,San Francisco
Mohmand Agency Station,Mohmand Agency
Bierges Station,Bierges
Chapecó Station,Chapecó
Sichuan Station,Sichuan
Alto Biobío Station,Alto Biobío
Rigolet Station,Rigolet
Manokwari Station,Manokwari
Granada Station,Granada
Córdoba Station,Córdoba
Awka Station,Awka
Greater Hobart Station,Greater Hobart
Semarang Station,Semarang
Antakya Station,Antakya
Vialky Station,Vialky
Foz do Iguaçu Station,Foz do Iguaçu
Lalbahadur Nagar Station,Lalbahadur Nagar
Donosti Station,Donosti
Ningxia Station,Ningxia
Abbotsford Station,Abbotsford
Zoerle-Parwijs Station,Zoerle-Parwijs
Norrköping Station,Norrköping
Kufstein Station,Kufstein
Yahyal? Station,Yahyal?
Monclova Station,Monclova
Hamilton Station,Hamilton
HŽron Station,HŽron
Torghar Station,Torghar
Asti Station,Asti
Sakhalin Station,Sakhalin
Cusco Station,Cusco
Th? D?u M?t Station,Th? D?u M?t
Rio de Janeiro Station,Rio de Janeiro
Caen Station,Caen
Akron Station,Akron
Starachowice Station,Starachowice
Bhimber Station,Bhimber
Skardu Station,Skardu
Getafe Station,Getafe
?ód? Station,?ód?
Motala Station,Motala
Houtave Station,Houtave
Salzburg Station,Salzburg
Bia?ystok Station,Bia?ystok
Guaymas Station,Guaymas
V? Thanh Station,V? Thanh
Colchane Station,Colchane
Kaduna Station,Kaduna
Reinbek Station,Reinbek
Nuremberg Station,Nuremberg
Montenero Val Cocchiara Station,Montenero Val Cocchiara
Mespelare Station,Mespelare
Soledad Station,Soledad
Betim Station,Betim
Miramichi Station,Miramichi
Tamworth Station,Tamworth
Aieta Station,Aieta
Portland Station,Portland
Mödling Station,Mödling
Bagh Station,Bagh
Roxburgh Station,Roxburgh
Palangka Raya Station,Palangka Raya
Ceuta Station,Ceuta
Fremantle Station,Fremantle
Timaru Station,Timaru
Nam ??nh Station,Nam ??nh
Ellon Station,Ellon
Geraldton-Greenough Station,Geraldton-Greenough
Okene Station,Okene
Aubagne Station,Aubagne
Eckville Station,Eckville
Kirov Station,Kirov
Dörtyol Station,Dörtyol
Nuneaton Station,Nuneaton
Anglet Station,Anglet
Watson Lake Station,Watson Lake
Dehradun Station,Dehradun
Ch‰telineau Station,Ch‰telineau
Tam ?i?p Station,Tam ?i?p
Uppingham. Cottesmore Station,Uppingham. Cottesmore
Jayapura Station,Jayapura
Villingen-Schwenningen Station,Villingen-Schwenningen
Montignies-Saint-Christophe Station,Montignies-Saint-Christophe
Montleban Station,Montleban
San Donato di Ninea Station,San Donato di Ninea
Buguma Station,Buguma
Wals-Siezenheim Station,Wals-Siezenheim
Sigillo Station,Sigillo
Shangla Station,Shangla
Chimbote Station,Chimbote
Tlaquepaque Station,Tlaquepaque
Fresno Station,Fresno
Lima Station,Lima
Tucson Station,Tucson
Develi Station,Develi
Tula Station,Tula
Boryeong Station,Boryeong
Santander Station,Santander
Warszawa Station,Warszawa
Bremen Station,Bremen
Tehuacán Station,Tehuacán
Beausejour Station,Beausejour
Uiwang Station,Uiwang
Londrina Station,Londrina
Richmond Station,Richmond
Henderson Station,Henderson
Colchester Station,Colchester
Nicoya Station,Nicoya
Obertshausen Station,Obertshausen
Murcia Station,Murcia
Saint-Étienne-du-Rouvray Station,Saint-Étienne-du-Rouvray
Zittau Station,Zittau
Falmouth Station,Falmouth
Sujawal Station,Sujawal
Gyeongju Station,Gyeongju
Makassar Station,Makassar
Melilla Station,Melilla
A Coruña Station,A Coruña
Lodhran Station,Lodhran
Ajaccio Station,Ajaccio
Erode Station,Erode
Puno Station,Puno
Hong Kong Station,Hong Kong
Gansu Station,Gansu
Scheggino Station,Scheggino
Owerri Station,Owerri
Stratford Station,Stratford
Sicuani Station,Sicuani
Hazaribag Station,Hazaribag
Subbiano Station,Subbiano
Belgrave Station,Belgrave
Lipetsk Station,Lipetsk
Valdivia Station,Valdivia
Hawick Station,Hawick
Sokoto Station,Sokoto
Charlottetown Station,Charlottetown
Asan Station,Asan
Silvassa Station,Silvassa
Shaanxi Station,Shaanxi
Chiclayo Station,Chiclayo
Temploux Station,Temploux
Hoeilaart Station,Hoeilaart
Krasnozavodsk Station,Krasnozavodsk
Roveredo in Piano Station,Roveredo in Piano
Saravena Station,Saravena
Henis Station,Henis
Banjarbaru Station,Banjarbaru
Yên Bái Station,Yên Bái
Laguna Blanca Station,Laguna Blanca
Leonding Station,Leonding
Tidore Station,Tidore
Sierning Station,Sierning
Acacías Station,Acacías
Vinh Station,Vinh
Sneek Station,Sneek
Tynda Station,Tynda
Santa Rosa de Cabal Station,Santa Rosa de Cabal
Belém Station,Belém
Enschede Station,Enschede
Uribia Station,Uribia
Nuevo Laredo Station,Nuevo Laredo
Singkawang Station,Singkawang
Adelaide Station,Adelaide
Lauterach Station,Lauterach
Zaria Station,Zaria
Mol Station,Mol
Trivandrum Station,Trivandrum
Ha N?i Station,Ha N?i
Okigwe Station,Okigwe
Pugwash Station,Pugwash
San Nicolás Station,San Nicolás
Srinagar Station,Srinagar
Gorinchem Station,Gorinchem
Jefferson City Station,Jefferson City
Mjölby Station,Mjölby
Jiangxi Station,Jiangxi
Calamar Station,Calamar
Soria Station,Soria
Chepén Station,Chepén
Montague Station,Montague
Girona Station,Girona
Cittanova Station,Cittanova
Piracicaba Station,Piracicaba
?i?n Biên Ph? Station,?i?n Biên Ph?
Dera Bugti Station,Dera Bugti
Bucheon Station,Bucheon
Buner Station,Buner
Dijon Station,Dijon
Zwickau Station,Zwickau
Erci? Station,Erci?
Vezzi Portio Station,Vezzi Portio
Riosucio Station,Riosucio
Ergani Station,Ergani
Chapadinha Station,Chapadinha
Cottbus Station,Cottbus
Busan Station,Busan
Santiago Station,Santiago
Telfs Station,Telfs
Gols Station,Gols
Campbellton Station,Campbellton
Neustrelitz Station,Neustrelitz
Värnamo Station,Värnamo
Kalisz Station,Kalisz
TrognŽe Station,TrognŽe
San Pablo Station,San Pablo
Mozhaysk Station,Mozhaysk
Fréjus Station,Fréjus
Iquitos Station,Iquitos
Pskov Station,Pskov
Chesapeake Station,Chesapeake
O'Higgins Station,O'Higgins
Mexicali Station,Mexicali
Åkersberga Station,Åkersberga
Welshpool Station,Welshpool
Longaví Station,Longaví
Thanh Hóa Station,Thanh Hóa
Los Patios Station,Los Patios
Güstrow Station,Güstrow
Melton Station,Melton
Qinghai Station,Qinghai
Jhang Station,Jhang
Reynosa Station,Reynosa
Mandi Bahauddin Station,Mandi Bahauddin
Edremit Station,Edremit
Cali Station,Cali
Saalfelden am Steinernen Meer Station,Saalfelden am Steinernen Meer
Kemerovo Station,Kemerovo
Ceyhan Station,Ceyhan
Sfruz Station,Sfruz
Ebenthal in Kärnten Station,Ebenthal in Kärnten
Mérida Station,Mérida
Belcarra Station,Belcarra
Colbún Station,Colbún
Palmerston Station,Palmerston
Cardedu Station,Cardedu
Cheonan Station,Cheonan
Louisville Station,Louisville
Munich Station,Munich
Campos dos Goytacazes Station,Campos dos Goytacazes
Borlänge Station,Borlänge
Tarma Station,Tarma
Culiacán Station,Culiacán
Ipswich Station,Ipswich
Erchie Station,Erchie
Zapallar Station,Zapallar
Suwon Station,Suwon
B?c Giang Station,B?c Giang
Valéncia Station,Valéncia
Borås Station,Borås
Okpoko Station,Okpoko
Samsun Station,Samsun
Woerden Station,Woerden
Santa Cruz de Tenerife Station,Santa Cruz de Tenerife
Voronezh Station,Voronezh
Linz Station,Linz
Whitehaven Station,Whitehaven
Gavirate Station,Gavirate
Napier Station,Napier
Savannah Station,Savannah
Tournefeuille Station,Tournefeuille
Metz Station,Metz
Rio Verde Station,Rio Verde
Serang Station,Serang
Dunedin Station,Dunedin
Wonju Station,Wonju
Minna Station,Minna
La Paz Station,La Paz
Cartagena Station,Cartagena
Veenendaal Station,Veenendaal
Lafayette Station,Lafayette
Sudhanoti Station,Sudhanoti
C?n Th? Station,C?n Th?
Fujian Station,Fujian
Port Lincoln Station,Port Lincoln
Shanghai Station,Shanghai
Gunsan Station,Gunsan
Karacabey Station,Karacabey
Istres Station,Istres
Bhiwani Station,Bhiwani
Jeonju Station,Jeonju
Guwahati Station,Guwahati
Whangarei Station,Whangarei
?zmit Station,?zmit
Jeongeup Station,Jeongeup
Yorkton Station,Yorkton
Pelarco Station,Pelarco
Segovia Station,Segovia
Altach Station,Altach
Skövde Station,Skövde
Doñihue Station,Doñihue
Gravataí Station,Gravataí
Jecheon Station,Jecheon
Nazilli Station,Nazilli
Lewiston Station,Lewiston
Coevorden Station,Coevorden
Hattem Station,Hattem
Greenlaw Station,Greenlaw
Tuscaloosa Station,Tuscaloosa
Conca Casale Station,Conca Casale
Cumaribo Station,Cumaribo
Gisborne Station,Gisborne
Khoái Châu Station,Khoái Châu
Marabá Station,Marabá
Paraíso Station,Paraíso
Frederick Station,Frederick
Bunbury Station,Bunbury
Las Palmas Station,Las Palmas
Bilbo Station,Bilbo
Hallein Station,Hallein
Montignies-sur-Sambre Station,Montignies-sur-Sambre
Natales Station,Natales
Macau Station,Macau
Port Blair Station,Port Blair
Alto Hospicio Station,Alto Hospicio
Alto del Carmen Station,Alto del Carmen
Mielec Station,Mielec
Itanagar Station,Itanagar
Mamuju Station,Mamuju
Portigliola Station,Portigliola
Kelowna Station,Kelowna
Tianjin Station,Tianjin
Wolfsberg Station,Wolfsberg
Saint-Nazaire Station,Saint-Nazaire
Ku?adas? Station,Ku?adas?
Belfort Station,Belfort
Motueka Station,Motueka
Birmingham Station,Birmingham
Moscow Station,Moscow
E?k Station,E?k
Tuyên Quang Station,Tuyên Quang
Washuk Station,Washuk
Berwick Station,Berwick
Luziânia Station,Luziânia
Korkino Station,Korkino
Oldenzaal Station,Oldenzaal
Darwin Station,Darwin
Vernon Station,Vernon
Mataram Station,Mataram
Cuautla Station,Cuautla
Southaven Station,Southaven
Ostrowiec ?wi?tokrzyski Station,Ostrowiec ?wi?tokrzyski
Santa Croce sull'Arno Station,Santa Croce sull'Arno
Biên Hòa Station,Biên Hòa
Omsk Station,Omsk
Tanjungbalai Station,Tanjungbalai
Guarulhos Station,Guarulhos
Diadema Station,Diadema
Deventer Station,Deventer
Spremberg Station,Spremberg
Stargard Szczeci?ski Station,Stargard Szczeci?ski
Brandon Station,Brandon
Aurillac Station,Aurillac
Diano Arentino Station,Diano Arentino
Thames Station,Thames
K?r?khan Station,K?r?khan
Montrose Station,Montrose
Tolyatti Station,Tolyatti
Cork Station,Cork
Los Muermos Station,Los Muermos
Tunja Station,Tunja
Hudiksvall Station,Hudiksvall
Rezé Station,Rezé
Bollnäs Station,Bollnäs
Rutland Station,Rutland
Deutschkreutz Station,Deutschkreutz
Bad Ischl Station,Bad Ischl
Beauvais Station,Beauvais
Magangué Station,Magangué
Schwedt Station,Schwedt
Santomenna Station,Santomenna
Liévin Station,Liévin
Leersum Station,Leersum
Tomaszów Mazowiecki Station,Tomaszów Mazowiecki
Bal?kesir Station,Bal?kesir
Worksop Station,Worksop
Völklingen Station,Völklingen
Pirque Station,Pirque
Reyhanl? Station,Reyhanl?
Cochin Station,Cochin
Sherani Station,Sherani
Gore Station,Gore
Bad Vöslau Station,Bad Vöslau
Fokino Station,Fokino
Río Bueno Station,Río Bueno
Kohima Station,Kohima
San Cristóbal de las Casas Station,San Cristóbal de las Casas
Leugnies Station,Leugnies
?anl?urfa Station,?anl?urfa
Colorado Springs Station,Colorado Springs
Biloxi Station,Biloxi
Wiener Neustadt Station,Wiener Neustadt
Ashbourne Station,Ashbourne
Caucaia Station,Caucaia
Valledupar Station,Valledupar
Lo Cai Station,Lo Cai
Huaral Station,Huaral
Meeuwen Station,Meeuwen
Ockelbo Station,Ockelbo
Stafford Station,Stafford
M??ng Lay Station,M??ng Lay
Ghanche Station,Ghanche
Zele Station,Zele
Cartagena del Chairá Station,Cartagena del Chairá
Uruapan Station,Uruapan
Seogwipo Station,Seogwipo
Leiden Station,Leiden
Wanganui Station,Wanganui
Warri Station,Warri
Vienna Station,Vienna
Jönköping Station,Jönköping
Sargodha Station,Sargodha
Falun Station,Falun
Cromer Station,Cromer
Recife Station,Recife
Soissons Station,Soissons
Wa?brzych Station,Wa?brzych
Pereira Station,Pereira
Stalowa Wola Station,Stalowa Wola
Scunthorpe Station,Scunthorpe
Eastbourne Station,Eastbourne
Tomohon Station,Tomohon
Laon Station,Laon
Potenza Station,Potenza
Dutse Station,Dutse
San Marcos Station,San Marcos
Rae-Edzo Station,Rae-Edzo
Henan Station,Henan
Caxias do Sul Station,Caxias do Sul
Bremerhaven Station,Bremerhaven
Bourges Station,Bourges
Burgos Station,Burgos
Fairbanks Station,Fairbanks
Piura Station,Piura
Tame Station,Tame
Parral Station,Parral
Tierra Amarilla Station,Tierra Amarilla
Saumur Station,Saumur
Oldenburg Station,Oldenburg
Enns Station,Enns
Langholm Station,Langholm
Haveli Station,Haveli
Cantalupo in Sabina Station,Cantalupo in Sabina
Wanaka Station,Wanaka
Emmen Station,Emmen
Saint-Dié-des-Vosges Station,Saint-Dié-des-Vosges
Corozal Station,Corozal
Jilin Station,Jilin
Kinross Station,Kinross
Puntarenas Station,Puntarenas
Battagram Station,Battagram
Traiskirchen Station,Traiskirchen
Itzehoe Station,Itzehoe
Schweinfurt Station,Schweinfurt
Liaoning Station,Liaoning
Sahagún Station,Sahagún
Kitzbühel Station,Kitzbühel
Katsina Station,Katsina
Illkirch-Graffenstaden Station,Illkirch-Graffenstaden
San Mauro Marchesato Station,San Mauro Marchesato
Mexico City Station,Mexico City
Niort Station,Niort
?mamo?lu Station,?mamo?lu
Lakki Marwat Station,Lakki Marwat
Köln Station,Köln
Beijing Station,Beijing
Upplands Väsby Station,Upplands Väsby
Mauá Station,Mauá
??ng H?i Station,??ng H?i
Watford Station,Watford
Uikhoven Station,Uikhoven
Argyle Station,Argyle
Siracusa Station,Siracusa
Frankston Station,Frankston
Stockholm Station,Stockholm
Mokpo Station,Mokpo
Che?m Station,Che?m
Paranaguá Station,Paranaguá
Te Awamutu Station,Te Awamutu
Anzio Station,Anzio
Siegendorf Station,Siegendorf
Leganés Station,Leganés
Ciudad Real Station,Ciudad Real
Rhemes-Saint-Georges Station,Rhemes-Saint-Georges
Plauen Station,Plauen
Jemappes Station,Jemappes
Puerto Nariño Station,Puerto Nariño
Winterswijk Station,Winterswijk
Coihueco Station,Coihueco
Jinju Station,Jinju
Jiangsu Station,Jiangsu
Maranguape Station,Maranguape
Bydgoszcz Station,Bydgoszcz
Eisleben Station,Eisleben
Erquelinnes Station,Erquelinnes
Shandong Station,Shandong
Konin Station,Konin
Rum Station,Rum
R?ch Giá Station,R?ch Giá
Belfast Station,Belfast
Sevastopol Station,Sevastopol
Kraków Station,Kraków
Monte Patria Station,Monte Patria
Etroubles Station,Etroubles
Sankt Ingbert Station,Sankt Ingbert
Heilongjiang Station,Heilongjiang
Ila Station,Ila
Whyalla Station,Whyalla
Porto Alegre Station,Porto Alegre
Arnhem Station,Arnhem
Raigarh Station,Raigarh
Strona Station,Strona
Hastings Station,Hastings
Renfrew Station,Renfrew
Tuxtla Gutiérrez Station,Tuxtla Gutiérrez
Paillaco Station,Paillaco
MabomprŽ Station,MabomprŽ
Funtua Station,Funtua
Passau Station,Passau
Guadalupe Station,Guadalupe
Cáceres Station,Cáceres
Geesthacht Station,Geesthacht
Vladimir Station,Vladimir
Kilsyth Station,Kilsyth
Purmerend Station,Purmerend
Imphal Station,Imphal
Toowoomba Station,Toowoomba
Polesella Station,Polesella
Westport Station,Westport
Dumfries Station,Dumfries
Hoorn Station,Hoorn
Dhuy Station,Dhuy
San Gregorio Station,San Gregorio
Vöcklabruck Station,Vöcklabruck
Püttlingen Station,Püttlingen
Ruoti Station,Ruoti
Oakham Station,Oakham
Quillón Station,Quillón
Barghe Station,Barghe
